{
    "name": "Clean_Raw_Data",
    "properties": {
        "activities": [
            {
                "name": "Ingest_SBA_Data",
                "description": "Ingest_SBA_Data",
                "type": "Copy",
                "dependsOn": [],
                "policy": {
                    "timeout": "0.12:00:00",
                    "retry": 0,
                    "retryIntervalInSeconds": 30,
                    "secureOutput": false,
                    "secureInput": false
                },
                "userProperties": [],
                "typeProperties": {
                    "source": {
                        "type": "BinarySource",
                        "storeSettings": {
                            "type": "AzureBlobStorageReadSettings",
                            "recursive": true
                        },
                        "formatSettings": {
                            "type": "BinaryReadSettings"
                        }
                    },
                    "sink": {
                        "type": "BinarySink",
                        "storeSettings": {
                            "type": "AzureBlobFSWriteSettings"
                        }
                    },
                    "enableStaging": false
                },
                "inputs": [
                    {
                        "referenceName": "SBA_Raw_Data",
                        "type": "DatasetReference"
                    }
                ],
                "outputs": [
                    {
                        "referenceName": "SBA_input_data",
                        "type": "DatasetReference"
                    }
                ]
            },
            {
                "name": "Clean_Loan_Raw_Data",
                "description": "Clean_Loan_Raw_Data",
                "type": "ExecuteDataFlow",
                "dependsOn": [
                    {
                        "activity": "Ingest_SBA_Data",
                        "dependencyConditions": [
                            "Succeeded"
                        ]
                    }
                ],
                "policy": {
                    "timeout": "0.12:00:00",
                    "retry": 0,
                    "retryIntervalInSeconds": 30,
                    "secureOutput": false,
                    "secureInput": false
                },
                "userProperties": [],
                "typeProperties": {
                    "dataflow": {
                        "referenceName": "Clean_Loan_Raw_Data",
                        "type": "DataFlowReference"
                    },
                    "compute": {
                        "coreCount": 8,
                        "computeType": "General"
                    },
                    "traceLevel": "Fine"
                }
            }
        ],
        "annotations": [],
        "lastPublishTime": "2023-04-03T13:49:49Z"
    },
    "type": "Microsoft.Synapse/workspaces/pipelines"
}