{
    "name": "loandemo_datalake",
    "type": "Microsoft.Synapse/workspaces/linkedservices",
    "properties": {
        "annotations": [],
        "type": "AzureBlobFS",
        "typeProperties": {
            "url": "https://asadatalake905626.dfs.core.windows.net/",
            "connectionString": "DefaultEndpointsProtocol=https;AccountName=asadatalake905626;AccountKey=DZegGDh/W4P5Ellw+Bw6V/vrkbotd4QbpTcsBnB4P6XXWZRYTrndM3xvkQrXY4kvPVoY4t4pcXGX+AStDxwxug==;EndpointSuffix=core.windows.net"
        },
        "connectVia": {
            "referenceName": "AutoResolveIntegrationRuntime",
            "type": "IntegrationRuntimeReference"
        }
    }
}