{
    "now": "2023-04-03T14:46:50.521Z",
    "perfNow": 3210828.9000000004,
    "diagnosticCorrelation": "06bcf0b3-1768-4b96-8031-483ec00c52e3",
    "source": "DownloadSupportFiles",
    "environment": {
        "productName": "a365",
        "buildVersion": "23.0315.20",
        "environmentType": 9,
        "resourceName": "loanmodel905983",
        "resourceRegion": "eastus",
        "resourceGroup": "ODL-manymodels-905983",
        "subscriptionId": "5832ea51-331e-464f-b220-a49dbbacd632",
        "sessionId": "G+G2b",
        "operationId": "tVqp0",
        "gitType": "live",
        "loggingKey": false
    },
    "additionalInfo": {
        "selectedResource": "Clean_Raw_Data",
        "selectedResourceType": "pipeline",
        "dataFlowSessionId": "b11bbd4e-0cc5-41a7-8bf1-399214f162be"
    }
}