{
    "now": "2023-03-28T13:28:59.897Z",
    "perfNow": 7100554.400000036,
    "diagnosticCorrelation": "06cd52cf-8bc2-404e-9cff-b0056ab0ffe2",
    "source": "DownloadSupportFiles",
    "environment": {
        "productName": "a365",
        "buildVersion": "23.0315.20",
        "environmentType": 9,
        "resourceName": "loanmodel900961",
        "resourceRegion": "eastus2",
        "resourceGroup": "ODL-manymodels-900961",
        "subscriptionId": "7f2b507d-b657-46a1-8056-3e9fd1e67da7",
        "sessionId": "qsyc4",
        "operationId": "jfscw",
        "gitType": "live",
        "loggingKey": false
    },
    "additionalInfo": {
        "selectedResource": "Clean_Raw_Data",
        "selectedResourceType": "pipeline"
    }
}