{
    "name": "NAICS_data",
    "properties": {
        "linkedServiceName": {
            "referenceName": "link_to_sbadata_storage",
            "type": "LinkedServiceReference"
        },
        "annotations": [],
        "type": "DelimitedText",
        "typeProperties": {
            "location": {
                "type": "AzureBlobStorageLocation",
                "fileName": "NAICS.csv",
                "container": "input"
            },
            "columnDelimiter": ",",
            "escapeChar": "\\",
            "firstRowAsHeader": true,
            "quoteChar": "\""
        },
        "schema": [
            {
                "name": "DigitCode",
                "type": "String"
            },
            {
                "name": "Industry",
                "type": "String"
            }
        ]
    }
}